{
      "Individual": [0.25, 0.9, 7.0, 0.8, 12.5, 1.8, 10.0, 1.0, -0.5, 0.6, 4.5, 2.8, 6.0, 0.4, -7.0], 
      "HAAQI": {
            "scene_10001: A Classic Education - NightOwl-hlp_0056,  Listener: L0066": {
                  "LeftScore": 0.10264260455751834, 
                  "RightScore": 0.09567129033909644, 
                  "MeanScore": 0.09915694744830739
            }, 
            "scene_10001: A Classic Education - NightOwl-hlp_0056,  Listener: L0057": {
                  "LeftScore": 0.10755615694893988, 
                  "RightScore": 0.10661335876126656, 
                  "MeanScore": 0.10708475785510321
            }
      }
}