{
      "Individual": [1.45, 1.8, 15.5, 0.8, 7.5, 1.1, 10.0, 1.9, 3.5, 1.6, 5.5, 2.5, 9.0, 1.6, -5.0], 
      "HAAQI": {
            "scene_10001: A Classic Education - NightOwl-hlp_0056,  Listener: L0066": {
                  "LeftScore": 0.12834907749502383, 
                  "RightScore": 0.12764681695213265, 
                  "MeanScore": 0.12799794722357824
            }, 
            "scene_10001: A Classic Education - NightOwl-hlp_0056,  Listener: L0057": {
                  "LeftScore": 0.13382274778198527, 
                  "RightScore": 0.13898739112137715, 
                  "MeanScore": 0.1364050694516812
            }, 
            "scene_10002: A Classic Education - NightOwl-hlp_0003,  Listener: L0099": {
                  "LeftScore": 0.13563576726892218, 
                  "RightScore": 0.12515324652093313, 
                  "MeanScore": 0.13039450689492765
            }, 
            "scene_10002: A Classic Education - NightOwl-hlp_0003,  Listener: L0051": {
                  "LeftScore": 0.12624531147055068, 
                  "RightScore": 0.11148984775686836, 
                  "MeanScore": 0.11886757961370953
            }, 
            "scene_10003: A Classic Education - NightOwl-hlp_0119,  Listener: L0053": {
                  "LeftScore": 0.13026828022237094, 
                  "RightScore": 0.12455425600199793, 
                  "MeanScore": 0.12741126811218445
            }, 
            "scene_10003: A Classic Education - NightOwl-hlp_0119,  Listener: L0010": {
                  "LeftScore": 0.1273094175751991, 
                  "RightScore": 0.13362188204181918, 
                  "MeanScore": 0.13046564980850914
            }, 
            "scene_10004: A Classic Education - NightOwl-hlp_0014,  Listener: L0032": {
                  "LeftScore": 0.14227925931430543, 
                  "RightScore": 0.15404965887231536, 
                  "MeanScore": 0.14816445909331039
            }, 
            "scene_10004: A Classic Education - NightOwl-hlp_0014,  Listener: L0078": {
                  "LeftScore": 0.1532324078338222, 
                  "RightScore": 0.1306582277699919, 
                  "MeanScore": 0.14194531780190706
            }, 
            "scene_10005: Actions - Devil's Words-hlp_0008,  Listener: L0022": {
                  "LeftScore": 0.160881222624084, 
                  "RightScore": 0.15485469764165116, 
                  "MeanScore": 0.15786796013286758
            }, 
            "scene_10005: Actions - Devil's Words-hlp_0008,  Listener: L0047": {
                  "LeftScore": 0.14680571210135682, 
                  "RightScore": 0.14466299833395155, 
                  "MeanScore": 0.14573435521765418
            }
      }
}